Variable,Importancia
Support_Urgency,0.12572931488391606
Usage Frequency,0.11539752879886524
Tenure,0.11441208119883693
Support Calls,0.11293248085695444
Monthly_Spend,0.11245380039977937
Total Spend,0.11135332942793372
Age,0.09306690381789437
Gender,0.07676620758577682
Last Interaction,0.06766394212136953
Contract Length,0.04690396564558908
Subscription Type,0.023320445263084286
